LiveCategory,CategoryCode
콘텐트 워닝,0
마인크래프트,1
talk,2
원신,3
발로란트,4
아트,5
메이플스토리,6
디제이맥스 리스펙트 V,7
종합 게임,8
폴가이즈,9
고스트 오브 쓰시마 디렉터스 컷,10
로스트아크,11
전략적 팀 전투: 먹물 우화,12
버튜버 파라노이아,13
음악,14
워 썬더,15
바이오하자드 RE:4,16
리그 오브 레전드,17
0층입니다. - The cursed Elevator to Floor Zero -,18
붕괴: 스타레일,19
포트나이트,20
하스스톤,21
오버워치 2,22
파피 플레이타임,23
PUBG: 배틀그라운드,24
러스티 레이크: 루츠,25
FC온라인,26
에이펙스 레전드,27
파스모포비아,28
리썰 컴퍼니,29
,30
프린세스 피치 Showtime!,31
몬스터 헌터 월드: 아이스본,32
후즈후?,33
호스피탈 666,34
소울워커,35
이스케이프 프롬 타르코프,36
오메가 스트라이커스,37
카트라이더: 드리프트,38
이터널 리턴,39
카트라이더,40
호그와트 레거시,41
다크 소울 2,42
폴리 브릿지,43
작혼: 리치 마작,44
데시메이트 드라이브,45
테일즈런너,46
검은사막,47
아머드 코어 VI 루비콘의 화염,48
팰월드,49
세븐 데이즈 투 다이,50
인사이드 더 백룸,51
톰 클랜시의 레인보우 식스 시즈,52
명조: 워더링 웨이브,53
가디언 테일즈,54
레디 오어 낫,55
테트리스,56
데이브 더 다이버,57
크라임 씬 클리너,58
리그오브엔젤스,59
비트 세이버,60
ASMR,61
승리의 여신: 니케,62
역전재판,63
스타듀 밸리,64
포탈 2,65
레프트 4 데드 2,66
구스 구스 덕,67
유희왕 마스터 듀얼,68
발더스 게이트 3,69
Grand Theft Auto V,70
트릭컬 리바이브,71
사이퍼즈,72
끄투코리아,73
레전드 오브 룬테라,74
하데스 2,75
역전재판 456 오도로키 셀렉션,76
오버쿡! 2,77
스타크래프트 : 리마스터,78
롤러코스터 타이쿤 2,79
파피 플레이타임 - 챕터 3,80
이스케이프 더 백룸,81
라이브 아트,82
여귀교2: 자유로운 영혼의 길,83
더 포레스트,84
모여봐요 동물의 숲,85
신칸센 0호,86
유희왕 듀얼 링크스,87
VR챗,88
마인드 스캐너,89
더 클래스룸,90
파티 애니멀즈,91
붕괴3rd,92
딥 락 갤럭틱,93
퍼즐버블 에브리버블!,94
포켓몬스터 스칼렛 · 바이올렛,95
림버스 컴퍼니,96
벅샷 룰렛,97
더 파이널스,98
뮤즈 대쉬,99
스텔라 블레이드,100
던전앤파이터,101
마비노기,102
11층,103
플래시 파티,104
토털리 릴라이어블 딜리버리 서비스,105
스테퍼 케이스:초능력 추리 어드벤처,106
링 피트 어드벤처,107
세븐데이즈 오리진,108
카운터 스트라이크 2,109
돈 스타브 투게더,110
테이블탑 시뮬레이터,111
얼티밋 치킨 호스,112
먹방,113
블루 아카이브,114
디시트,115
나 혼자만 레벨업:어라이즈,116
라테일,117
킵 토킹 앤 노바디 익스플로드,118
더 심즈 4,119
스트레이,120
더 커스드 테이프,121
스타크래프트 : 브루드 워,122
데드 바이 데이라이트,123
페르소나 3 리로드,124
마법소녀 카와이 러블리 즈큥도큥 바큥부큥 루루핑,125
V 라이징,126
카트라이더 러쉬플러스,127
돔 키퍼,128
헬다이버즈 2,129
프로젝트 좀보이드,130
강철기사 키우기,131
림월드,132
짱구는 못말려! 나와 박사의 여름방학 ~끝나지 않는 7일간의 여행~,133
헬테이커,134
폴아웃 4,135
"좋은 피자, 위대한 피자",136
그라운디드,137
바바 이즈 유,138
인디고 파크: 챕터 1,139
좀비고등학교,140
두근두근 AI 심문 게임,141
